user_id,username,email,password_hash,join_date,last_login
UC_YO1yjS2,greenwilliam,chambersstanley@example.org,a0d1a36dc01620ab31a96e7205cd124f9a851af3e3b2a9910bf91e8a7381a7dc,2020-10-12 00:49:22.598123+00:00,2024-03-08 03:20:39.502999+00:00
UC_YO2yjS3,nicholscraig,robin67@example.org,0d30bcd7ae16d8f27d602dd6e34ae27f274c38d3d6bc1a6bd53268e1e1cfdc3d,2023-06-27 01:02:04.382901+00:00,2024-03-28 22:11:20.209775+00:00
UC_YO3yjS4,patrick49,sarahcoleman@example.com,6131d85e24d677f983865cf5026f43c32e5780dec56a091a6b63e9174a7aa17f,2020-07-27 15:53:07.473631+00:00,2024-02-05 08:41:23.315140+00:00
UC_YO4yjS5,rjones,dgarcia@example.com,3c2c5e801545a0b2797838cfd453cdc22c260bfc6e88bee9a0a1b686fa6cd3de,2023-10-31 12:47:52.298722+00:00,2024-03-07 20:18:44.541388+00:00
UC_YO5yjS6,smithmark,shannon60@example.com,f85d9ad507781253026df332d6185b7137fc282d7cb2ee8b76c6d1552fc51888,2024-03-24 00:11:20.436991+00:00,2024-02-19 00:58:31.561291+00:00
UC_YO6yjS7,ecurry,sheila10@example.com,f8daa22a9c0b1c0afd3360ca8f1c717ece7612ab0b400cd2aa5c4acb05311883,2020-10-02 19:44:23.735685+00:00,2024-01-08 03:28:12.673573+00:00
UC_YO7yjS8,froman,cherrydonna@example.net,0366ba18fb3c53b0c8cdc702eac4f70c46fa27d1512df69cb9c11d29c8c56471,2021-09-15 12:05:56.993723+00:00,2024-03-28 15:52:21.598679+00:00
UC_YO8yjS9,austin38,emckenzie@example.org,77b43822c318be1c618c2c047e80731be5adc190b949f81026d821165da72504,2023-09-23 18:34:50.569407+00:00,2024-03-20 05:36:02.087749+00:00
UC_YO9yjS10,zmiller,simonspencer@example.net,738d73036131d851179770f7dcadebd567992e8273e54c3402cd74a33b765d26,2020-02-23 14:15:56.081549+00:00,2024-02-09 17:24:01.245716+00:00
UC_YO10yjS11,brianwelch,frowe@example.com,7bfabf730d780d5304a27514f5b4f45810130f77fc9900a770552792d9a1bbf1,2023-07-16 03:23:06.225833+00:00,2024-03-02 18:45:15.818678+00:00
UC_YO11yjS12,crystalchambers,wardmorgan@example.com,62b2df4fcf7b76d1a16103dba09d2e40dcce2eb68764c0c64ec9a16471ebb8c1,2023-10-26 13:45:09.700423+00:00,2024-01-11 11:23:34.340313+00:00
UC_YO12yjS13,ebonymartinez,castillobenjamin@example.com,f5e4072774d79f5df1f41edc4485e810d469d27adad7aaa4277909fdb5afb78c,2021-05-07 05:56:25.320315+00:00,2024-02-07 19:23:55.868524+00:00
UC_YO13yjS14,leejose,tlogan@example.net,58dbf1764839ab5f3cde4ee82aaae844855595a78303ae4ddac20d0f41f7233a,2022-12-25 21:06:27.270643+00:00,2024-02-20 03:11:43.527968+00:00
UC_YO14yjS15,davidsonelizabeth,isaiah15@example.com,a2891225913a71e09054050cfb211f82d4651cfdb843b88e654e72ce50acc7d9,2020-01-10 03:00:11.828035+00:00,2024-03-06 18:49:28.615693+00:00
UC_YO15yjS16,rmonroe,pageemily@example.com,7798e2ff5a933ff78175599a7c515e3078dd7439f3b271bb5ca95394e566aa59,2023-03-05 20:47:00.100348+00:00,2024-01-02 22:40:40.524725+00:00
UC_YO16yjS17,jessica43,sarahmurray@example.net,5e0d941cefe74e12fc3da039e4e54cacf004477e3f55220c2f97ff47d1009146,2021-11-07 05:36:55.555148+00:00,2024-01-20 15:13:12.228171+00:00
UC_YO17yjS18,wendywright,melissadonaldson@example.org,b623de60aab71a66351fadaf28b409fa521cc9d05df688bf22e526dbc0ccac64,2021-04-29 12:09:15.898447+00:00,2024-03-06 00:20:07.965095+00:00
UC_YO18yjS19,william25,powersblake@example.net,b8ec000d2f0724d206099432cf5cdaa1e5d763b866709b37e7a557629290d907,2021-02-23 00:20:41.830402+00:00,2024-02-19 00:40:48.746675+00:00
UC_YO19yjS20,nancy88,hernandezjohn@example.org,d159d560a5bdf668c962f05cb28fd1a4592236ff999eb67a0bde7f62bb7a5a6e,2022-04-14 20:36:15.126866+00:00,2024-03-14 23:06:41.518710+00:00
UC_YO20yjS21,hannahcarlson,sreed@example.com,1f2cb891d404184baf46617e1cccb4e9dc2f8d7b315150da283c774191600250,2020-03-30 14:27:15.110371+00:00,2024-02-22 09:46:12.601032+00:00
UC_YO21yjS22,elizabethdiaz,mayerandrew@example.org,38a7d3e9845e1a17c868aa42bd73c7ff3e5e8d70aee7cfac4e7ac71097656ac5,2020-05-08 23:49:49.667251+00:00,2024-02-20 02:30:44.953019+00:00
UC_YO22yjS23,brandon36,qroberts@example.org,25fe0643a88cbd19b7fce484d2a65837690c094a0ddcf1e8a9429dae69eb5cf3,2020-08-21 18:00:07.321856+00:00,2024-03-07 01:41:48.995441+00:00
UC_YO23yjS24,cobbrobert,samantha61@example.com,5f4ce528e01f628a9fde9f2c26e91c398f66ba6f8671c7aa3abc87043a01e0d5,2020-03-25 12:51:59.393157+00:00,2024-02-13 20:22:37.054159+00:00
UC_YO24yjS25,charles41,kimrenee@example.net,1a4702f4ea9dd50f1dc94ff63e0137e55e256788337d176b732de0d7cca4e3e5,2020-08-22 06:59:23.252151+00:00,2024-01-17 23:56:10.757769+00:00
UC_YO25yjS26,moralesjustin,roger54@example.org,4183e8cd41dceee65f36d44cdf0dd61a642cf7d0dc2979c0d544f3f4642871af,2021-04-22 09:19:11.726268+00:00,2024-02-20 15:17:02.072459+00:00
UC_YO26yjS27,bnicholson,jillbrewer@example.com,578a6956d8cec170ef7f8ba7886abf4754395a75b6ec48e142856c909a9f148c,2024-02-28 05:08:08.138560+00:00,2024-01-01 14:39:36.717235+00:00
UC_YO27yjS28,shawnrusso,tamara91@example.com,29f8dd2023fa50f985ad0d83f9f7fc3d6f09222c33fea2a457c86d65f20c3066,2023-10-18 06:12:43.851769+00:00,2024-02-15 08:39:22.363246+00:00
UC_YO28yjS29,smiller,gregory18@example.net,c9719bf90e78e6cc538480ac1095f9fe59ecc5f47e6c37a66878fd86a52ef1ad,2022-07-14 17:53:21.706021+00:00,2024-03-14 05:18:58.429580+00:00
UC_YO29yjS30,johnny96,salinasbarry@example.net,af69bc6043fad07523f80d8f390b05d2addd4ca05b4ebf5d790a75a9a39b4857,2020-11-11 01:01:05.613034+00:00,2024-03-29 17:18:03.378499+00:00
UC_YO30yjS31,tgarza,jonathan34@example.org,5b231c91bad7b883124405b474eb4f6f55bd081ee3b59fd715b9d2b5a8b090db,2021-11-02 01:37:57.173334+00:00,2024-01-11 03:15:13.450531+00:00
UC_YO31yjS32,zstephens,thomasmaria@example.net,43e7f920030147d46c0e47c9411f73666cf4be9d73b5e366b42150c5cad2f841,2023-11-27 03:05:45.197923+00:00,2024-02-22 11:56:20.866258+00:00
UC_YO32yjS33,longmadison,kingdonald@example.org,1372d564970d8f22e1a0bbbf2e3c60b917c507d5d12656df5037faff74c53d20,2023-07-04 00:06:34.429122+00:00,2024-03-25 16:09:06.065702+00:00
UC_YO33yjS34,martinrhonda,qroberts@example.com,56c2960074f8c1ba925ecafc98c236bf0e29db62d7bdb26030d66e97e4ac539d,2022-11-17 17:05:33.748210+00:00,2024-02-28 23:29:51.263400+00:00
UC_YO34yjS35,kaylee19,davidtownsend@example.org,dec42bf93f1e972ce080580554a675fb0c4d4c9e97c4d7f84c89e7470daf785d,2021-12-28 06:50:04.998109+00:00,2024-03-13 05:37:21.510877+00:00
UC_YO35yjS36,austin78,jennifer24@example.net,2815010ec2b8ca595d539036a15dd49e3544bf215ff25a9dfbe3b4b6062c5859,2020-05-22 21:34:50.806469+00:00,2024-02-06 04:28:56.791447+00:00
UC_YO36yjS37,scottmichael,brownmaria@example.com,58ea77918d4c6052f98c7377421221543310eb8ee8c9a681ad1301142ab5b0bf,2022-07-10 06:17:01.071625+00:00,2024-03-19 10:18:01.923460+00:00
UC_YO37yjS38,chadlucas,johnsonerika@example.net,788006834b861f2bcf444a31e463d2d80b87658eb59dc036ef222b25d22a5b5d,2023-04-08 05:31:34.132981+00:00,2024-03-06 00:19:46.258299+00:00
UC_YO38yjS39,megan39,cynthiamcfarland@example.net,6d3175e204fb91bb8464e94d451292bafaf04cb6ef32e5bc4efd30f63d601bb5,2020-10-04 16:13:36.877950+00:00,2024-01-25 18:44:48.273403+00:00
UC_YO39yjS40,etorres,arthurfranco@example.net,9a74ddac977586e863c2294e908db20321467ad04402d7890a744725041a3da7,2020-01-09 03:08:32.607969+00:00,2024-03-09 01:12:24.680201+00:00
UC_YO40yjS41,jessicathompson,angela33@example.net,c6e6eecc87fc545c6200195a63d606abc7676d4c0ede291685e330e2889408c8,2022-09-14 02:33:22.888350+00:00,2024-02-06 18:40:02.953179+00:00
UC_YO41yjS42,smithsabrina,thomas55@example.net,e8263ecaad0632c3c525cc88f3b51da187c24c50a7b874875f6581261ab68a0c,2022-12-06 20:59:47.732963+00:00,2024-02-16 21:13:34.902088+00:00
UC_YO42yjS43,lisaturner,irussell@example.org,cd5810be998e85420b058ef29e7178c867e13a547e3c8be8cfb7d67d55f1a8d8,2022-12-07 10:02:12.702749+00:00,2024-02-03 19:22:24.933715+00:00
UC_YO43yjS44,moralessylvia,santosmegan@example.com,13526f2c9063009d31be9a9f500a3a2faa731d8fc7a66082241280c3d810016a,2021-08-31 05:59:37.295294+00:00,2024-02-13 22:16:46.239279+00:00
UC_YO44yjS45,ronaldcollins,karen52@example.com,d29c3a66097a8152c9c70ce46e5f0c59e09cec4d8ff2919ffba20a0c235c5566,2020-08-18 09:06:54.458270+00:00,2024-03-03 11:28:16.903855+00:00
UC_YO45yjS46,kyle84,roberta42@example.net,580925f3cd751bd0bf00abb95750a4b6db35b40b4bf74a38346e2f3799e717fd,2020-05-26 22:46:47.680912+00:00,2024-01-16 06:14:42.156539+00:00
UC_YO46yjS47,orichardson,jonathan32@example.com,03a1e642ac52ec11e160db8b763b80a696497577a42eaed967f5b79d2ceaf2b9,2021-06-26 10:09:48.562718+00:00,2024-01-24 06:00:19.574279+00:00
UC_YO47yjS48,tmorris,amygriffin@example.com,80c2baf53ee7c03750d591a25f22c14439c8e73fcefab8976408fe6a8ae91baa,2020-06-21 02:47:08.849180+00:00,2024-02-24 04:18:48.165778+00:00
UC_YO48yjS49,reyesdennis,kingkeith@example.net,0ce0b25d386d9205c78b9b8a110884914a3dc3593105e9b7a3f3e1a30d78bc5c,2022-12-01 15:27:54.354289+00:00,2024-02-20 07:29:13.932058+00:00
UC_YO49yjS50,jhall,sarahsmith@example.org,4c4fd34590f070264c7d1e5f4ffe19ae39b3fbddb531e5fd8cc27b879b7564ec,2022-08-08 07:10:56.976849+00:00,2024-01-21 23:00:29.886408+00:00
UC_YO50yjS51,brittanymoore,fisherkatherine@example.org,2745f972ddd027d31c0d386bd74ab3e943a10229f03ebeac8b042ba6ef10ff6c,2020-07-20 23:25:00.456539+00:00,2024-01-23 02:01:04.374797+00:00
UC_YO51yjS52,cherylrusso,cwest@example.org,fee75d9f47ad32cc784c856bbf23dd354ee4b4b75e01356d921f39fb10884996,2020-05-29 23:13:30.182432+00:00,2024-01-15 20:26:56.060692+00:00
UC_YO52yjS53,terryryan,mbryant@example.net,7de4aa7f35603581d102caf6b245c487e45fc30dd3e3190982db1631a1c7dbc0,2020-04-16 05:08:19.425681+00:00,2024-03-21 13:09:03.440549+00:00
UC_YO53yjS54,stacyweber,garciarobert@example.com,ed171e808a4c0748e8d42649f1f18d205cca523d0a30361f63890851ec50cf61,2022-07-16 22:23:47.138741+00:00,2024-03-05 17:46:57.518187+00:00
UC_YO54yjS55,navarroalicia,jorge56@example.net,f7874c849e24219d28fe8c0fc910bcab404e15f1c13657e69bdce5b2ec41ad89,2020-04-19 05:05:26.287533+00:00,2024-02-20 14:30:12.459080+00:00
UC_YO55yjS56,saralopez,bmurray@example.org,86f08714d534b24258b758a9ab355410fe3b60d7d8ed6431380f68460d597153,2023-09-07 16:59:41.304336+00:00,2024-01-06 17:59:24.338132+00:00
UC_YO56yjS57,andreahernandez,nmorgan@example.com,4c2d36ed147fe1490e3bb07f7dcc021e6f8e6d5f04b6e3f07c151c621340b3b3,2021-07-20 20:33:02.743044+00:00,2024-02-24 21:03:49.685577+00:00
UC_YO57yjS58,zbailey,brett13@example.com,d83366f8692d2f51fdca96c1d07f3b1180f66ffda0794238f27418bffe5021f5,2021-10-21 18:19:05.872919+00:00,2024-01-25 14:50:42.566118+00:00
UC_YO58yjS59,woodsdavid,millerkathleen@example.com,9849e545a7279366212323776e2017df9ac7960ea298d3521dcaa85624ec3859,2021-06-29 00:51:32.612280+00:00,2024-03-04 19:32:19.200770+00:00
UC_YO59yjS60,jacksonchristine,klinerichard@example.com,abb7d00db719680eed2b5fd4fd3032872ec3dbd4647a66d806f1b370afaebf28,2022-01-19 19:57:07.556462+00:00,2024-03-12 15:32:55.001487+00:00
UC_YO60yjS61,johndavis,hendersonjames@example.net,613d90a51550abf6ebc24c2b0f7e1fc92534ac9ed3031185d6a0e733cfa9c176,2023-03-20 11:42:29.791262+00:00,2024-02-21 04:50:49.405905+00:00
UC_YO61yjS62,torrespamela,bensonjames@example.com,b8b4189d2c0aa57685d85a350fed482f65219c119165ad73820f51c07f01a425,2021-08-08 04:36:01.311468+00:00,2024-02-22 12:22:30.340075+00:00
UC_YO62yjS63,ygilbert,crystalmcdaniel@example.com,889e7d8e9500d548abbeb56476677e9ec975b27f5485b72082ab3ca61705228f,2022-06-14 10:05:45.307390+00:00,2024-02-04 09:00:59.942670+00:00
UC_YO63yjS64,santiagodavid,estephens@example.org,cc908cbbd6509706a644b2b31f5d8929e02d20f130e331bef3021c6ad61e8c21,2022-07-17 04:54:03.023932+00:00,2024-03-27 03:13:12.061260+00:00
UC_YO64yjS65,davisscott,josephstone@example.com,92b4eeb24edd23d0c7db465758b5adc7e69b635c2e3d9fca23bf5cd3b7f3f7d6,2021-02-25 00:31:42.588341+00:00,2024-03-13 12:15:35.123091+00:00
UC_YO65yjS66,ramirezwilliam,christopherwood@example.org,3934dbcd6f114a3cbb0b0f25836757c6d8571bdd68f34e6f986405816d19ef00,2020-03-05 04:53:34.562953+00:00,2024-02-01 04:07:58.186793+00:00
UC_YO66yjS67,gutierreztaylor,lchandler@example.org,0ace6a7324b3bb9c4cbfd62130f83bf44e83cc8fd36b2f1b5d4b2e5c31a935b6,2023-04-30 13:57:00.161657+00:00,2024-03-07 03:43:22.317910+00:00
UC_YO67yjS68,rittertimothy,jmcdowell@example.com,f15229d184ae8669899c69a18e88287b33987431cf386a7c1f8c325d43855878,2021-09-20 17:15:06.735439+00:00,2024-03-10 08:00:22.994545+00:00
UC_YO68yjS69,jameshudson,cowanandrew@example.org,ad3bcfb7bcd2b8efcaf4198d2c8bb2f64344a44239286cd8b2d65b90a7309960,2023-01-21 01:15:05.841201+00:00,2024-01-21 00:27:44.694812+00:00
UC_YO69yjS70,kford,reneeholloway@example.org,c516cdd8d4c274d69a10decf3138675c826a91f2a66337fe1d048a5b14558ca0,2023-11-29 21:36:08.621324+00:00,2024-03-17 18:46:53.986450+00:00
UC_YO70yjS71,usweeney,tylercarter@example.org,223fc7ba405940569e2d4fd8be953913aec2101ff0943b2a287680f396470e3b,2022-12-12 13:18:09.408264+00:00,2024-02-03 05:04:54.549809+00:00
UC_YO71yjS72,mcohen,lindadavis@example.org,dc8426513f00362748f45018a39c1bc62c9b1753c3f9d01177da28f4c2dc2217,2022-05-17 01:37:16.709510+00:00,2024-03-27 17:18:36.597499+00:00
UC_YO72yjS73,bradleyrobin,johnkramer@example.net,6faea3f9826bef7b09554979b4e331d837b7244484b11bdb830ab21f2ba113e7,2023-10-10 02:42:10.789630+00:00,2024-01-21 09:23:04.761372+00:00
UC_YO73yjS74,griffithwilliam,wrightchristine@example.org,9cbc09936a3d6804da7ec336f0e94c95ff479258a686e2e70b7d6a5dd4528477,2021-12-21 03:43:23.952827+00:00,2024-01-10 14:08:49.707370+00:00
UC_YO74yjS75,justin00,asanchez@example.org,11a81eac5eb79f934a5b77fbc9b174987a8873c5b74dc686cbd596f847d355cc,2022-10-27 09:58:28.420583+00:00,2024-01-27 11:48:47.616346+00:00
UC_YO75yjS76,colin47,erica54@example.net,d977fc4551f2c4015271877b415e15e4fbbbeee507afdc3f87aad38d8aa37936,2022-02-20 05:27:47.676078+00:00,2024-03-04 18:41:03.646140+00:00
UC_YO76yjS77,tammy84,allenscott@example.org,59a5f34125469ec3a9bc09db7af5a25136d4d1aac1f82adf32865eefed128624,2020-12-13 19:33:45.607519+00:00,2024-01-05 21:19:46.416860+00:00
UC_YO77yjS78,uolson,brian44@example.net,8ffbee0186fb84861f826bef70f43425cb56f36db9b61bde4054b81118331f9c,2020-01-19 22:06:02.996062+00:00,2024-03-23 17:32:12.707785+00:00
UC_YO78yjS79,ysmith,haguirre@example.net,c09189b5e797c24663d2b05d5a14606f6f0f7f8420d2126038f96cb518d27420,2022-12-11 06:11:02.921593+00:00,2024-02-27 16:48:05.822625+00:00
UC_YO79yjS80,nicholaswilson,qmartin@example.org,36f867a184cb62e523d42e0a1e218e8451d24320a822b99903cffb317ef65a71,2020-03-30 06:40:13.443075+00:00,2024-01-25 01:28:30.704887+00:00
UC_YO80yjS81,danielle70,joshua33@example.org,8940b19bc747a7622e298c2ffe450ab8f923dff9c9d019829a285a955f4eaecb,2023-06-22 09:43:46.382340+00:00,2024-03-15 20:24:36.529624+00:00
UC_YO81yjS82,osilva,carpentershelby@example.net,0b61b0af7ea31161c6aa606ffa0b53fa6a5de70932a95c7c1a621f57965edc4a,2020-07-31 06:55:18.094328+00:00,2024-03-28 22:29:21.127003+00:00
UC_YO82yjS83,hernandezvanessa,zthomas@example.net,33c3eec1073e2ec862549908b09610b134b658cfba2cbea4033a919c5b8efcda,2020-08-25 21:25:12.719290+00:00,2024-03-21 09:36:15.046037+00:00
UC_YO83yjS84,james67,webbjohnny@example.org,de7621b5929f419a8d2946ab25e8e87b67c7700e2774722c4f5ed8b7480214ea,2020-12-24 05:11:26.292848+00:00,2024-01-12 09:47:10.413424+00:00
UC_YO84yjS85,nancy29,spencermelissa@example.org,14624022b05718667118f8319549d99e3c3039edfd952fbea8ffa5284035feba,2024-02-15 02:13:19.830017+00:00,2024-03-27 11:30:13.236912+00:00
UC_YO85yjS86,xpage,wmiles@example.com,33b330fe69a9a09d36bccc3194e91147863a5958f6ae4eb1b3f28db81e27a219,2020-06-24 02:51:46.627156+00:00,2024-02-05 19:36:28.155149+00:00
UC_YO86yjS87,bullockeric,ojames@example.org,af14a3cbee196a30baf96f36c35196dab4b39d96d5ae458a8e77e957d92ab887,2021-01-31 02:15:50.835056+00:00,2024-03-11 10:12:22.623701+00:00
UC_YO87yjS88,jacksontammy,graydeanna@example.org,848680fef63c460350ced6bb2375494e5640561a7df9c24e3f6d41a51e563776,2021-11-15 20:44:57.457237+00:00,2024-01-26 00:06:15.340096+00:00
UC_YO88yjS89,hawkinsbrandon,marcus49@example.com,a5acfa3e83247c4790ac016f0146d37668d44846c605f57cd397b259a9021f6f,2023-12-09 23:39:13.776727+00:00,2024-01-16 19:30:43.107900+00:00
UC_YO89yjS90,kelseyhernandez,dfisher@example.com,7c1a851a2d5fd6d84c00c8e45ba6fb997cfb9d454ac5fbcc4e7b7e1f90f915b7,2024-01-26 16:35:51.023766+00:00,2024-02-03 13:51:23.455972+00:00
UC_YO90yjS91,rose46,evansgary@example.com,169aff986e5558fc8e7aa8bfed88a8843499adec1a6ca518ca6820ee16de4b38,2020-03-20 16:17:02.750312+00:00,2024-02-19 23:12:17.382897+00:00
UC_YO91yjS92,heather48,kyle17@example.org,69d2b7b7ac8be56f8dd4aad90da726e91b7bcdc1fef9cbd1ec0d3a1fcb67f634,2020-05-25 04:35:18.404844+00:00,2024-01-31 06:18:05.660179+00:00
UC_YO92yjS93,briannabartlett,ustanley@example.com,a255568b2bb5d73f16ee5bf5b46d18ac4d1d9e004a65b10b8510a56f356a64af,2021-07-20 07:56:40.581280+00:00,2024-01-23 23:37:12.102646+00:00
UC_YO93yjS94,powellkristen,andrewgaines@example.com,3fdb564f3c015de2a029a0b971e0d6252d27107f26bf4b94768855f713f6d1ff,2023-11-28 23:15:49.250071+00:00,2024-03-28 11:40:22.768608+00:00
UC_YO94yjS95,ishannon,katherinewilson@example.org,d33b3fb60eee9f8fb6d29905c866c46d2d16edb8db8714f01781dc45f0da2267,2021-11-11 04:56:31.234489+00:00,2024-01-22 11:15:43.759372+00:00
UC_YO95yjS96,susan35,martinmarshall@example.org,3492c45d55b92a27ca1cc1b0adaf839345c7d3f37d143c982098774444e3aa35,2023-07-22 15:49:08.206878+00:00,2024-03-20 22:13:49.856451+00:00
UC_YO96yjS97,wallacecaleb,richard02@example.com,d48fbbd3662b5fffbb245e33fc7d316d6e7611d5f5eacbd9b5f9b74c4510423d,2020-07-27 13:25:34.310221+00:00,2024-02-26 07:29:28.714290+00:00
UC_YO97yjS98,ndickerson,robleshoward@example.org,40a808616e3a0dbe5ce0050dc0ace76e0675aba8e16eebe43977bbcd11cd5ec5,2020-12-18 13:25:51.948292+00:00,2024-01-05 11:02:39.345481+00:00
UC_YO98yjS99,deborahjones,robertsemily@example.org,983e647426b92be40e7f7cfbe8d7b52d7ca301ccd480635e706c25248abc7827,2021-12-08 00:59:09.467119+00:00,2024-02-14 18:13:37.930042+00:00
UC_YO99yjS100,johnthompson,jeffreylewis@example.com,1913dc669280d78922860997a5f51c73cc2aff53717f55ad639cc246fdc1ce52,2022-12-08 12:41:39.077241+00:00,2024-03-15 22:40:44.585355+00:00
UC_YO100yjS101,seanjohnson,vbarry@example.com,85b351bc799523e6df93603f80e605362976fd07c40ddec3456e3a0ebcd7d478,2023-07-02 06:04:18.238285+00:00,2024-01-06 06:06:58.363180+00:00
UC_YO101yjS102,joshua32,ohartman@example.com,1d0c8b9dde7c2bde837da712cb2d49aed70257389fc0ec944997c04fbe80827e,2022-12-25 04:12:37.272444+00:00,2024-01-05 11:48:14.121933+00:00
UC_YO102yjS103,tinabrown,donaldbeard@example.net,4887be8ea09dcd8ed33197a893b9859b690535ceb3d31b0b02f350f7984eabd5,2021-05-16 23:17:05.662918+00:00,2024-01-28 00:03:01.275102+00:00
UC_YO103yjS104,bhurley,wmcmahon@example.com,b17c66c185bf633b930f5d8d3f1091b3ba4f889a9a541c2caa83b1d8fb4bdbd1,2020-01-21 06:52:10.882510+00:00,2024-01-11 05:26:50.543637+00:00
UC_YO104yjS105,danielcooper,kevin80@example.net,9e177fbe7d582f00d6d3ca2af14754c34fa11402e43d6cebabe5169909c79372,2023-11-14 05:07:30.836735+00:00,2024-01-06 10:12:24.219174+00:00
UC_YO105yjS106,nicholas09,virginia11@example.org,6a529b91632c1f14d5310ad69b2ed0adca5d87b13b4f70f57e191f18ef797bce,2022-01-21 11:59:20.812771+00:00,2024-02-19 13:15:40.781697+00:00
UC_YO106yjS107,ryan05,whall@example.net,84dc224a37e2521ce99a09fbd400ca920f58a88416f5938491a89590c0a8368e,2022-11-18 08:58:36.674569+00:00,2024-01-11 09:24:57.197134+00:00
UC_YO107yjS108,srodgers,michael61@example.com,7105552b053c0c91c4a775e38c419b1c73f95c452089c0ebfdabf5d99627828d,2023-10-05 09:47:01.139227+00:00,2024-01-23 02:45:32.027369+00:00
UC_YO108yjS109,jessica49,evaughn@example.com,a64228499246cd80a4916eaccddbcb6262d140e1f1a49e8a9995a4ee33e7d90e,2021-05-29 00:43:25.174743+00:00,2024-03-03 03:30:40.380774+00:00
UC_YO109yjS110,bmitchell,lauren62@example.com,9d08b7b460cd5bd9d95b13785152755a313844299a8161f9863ce73ddb9c7f7d,2024-03-11 12:10:59.136395+00:00,2024-01-11 14:36:02.199437+00:00
UC_YO110yjS111,tjohnson,lpeterson@example.net,4fc219e40f4a844ac8e05679165388805f5068c4611a1a35786d2f82a7ad9e2e,2022-01-07 16:56:23.942424+00:00,2024-03-26 14:03:28.829982+00:00
UC_YO111yjS112,grodriguez,ashley82@example.org,d169a23f7d4b5349c4b4050d0bc6a2684a78d0a48b4c6fb225b2a9a90c50a460,2022-02-06 22:26:43.634834+00:00,2024-03-28 15:23:52.456553+00:00
UC_YO112yjS113,hstephenson,younglevi@example.net,a76560920d0b291dee4bb486c2876e5dab76ff7a99e718654fb0311818de571b,2021-02-07 17:13:14.826884+00:00,2024-01-23 15:35:37.888958+00:00
UC_YO113yjS114,jeffrey42,sheila69@example.org,d935bfc085f5d44466aa7beff3c6021b84d9f65aeb85f9b8e175050b2d7ee22e,2023-09-15 22:46:40.495221+00:00,2024-02-29 14:23:11.094796+00:00
UC_YO114yjS115,ricky69,janice21@example.org,7b764150f14df233360cc0c007408676b6eeeab571962e6332a7091b6ca91dd2,2020-08-08 17:52:38.362743+00:00,2024-02-13 09:52:17.367512+00:00
UC_YO115yjS116,lmurray,osmith@example.com,76fedadcbe1cb818acbbc29b48908a6caacab20277a5f3fb8a54a5081d88652a,2021-12-04 07:46:38.583883+00:00,2024-01-28 06:48:12.073242+00:00
UC_YO116yjS117,morrisevan,lwells@example.com,be0022412d4c2b38f9855c0b54be647e11aa2dc6a6afe030db7fdffb82d3195f,2020-06-06 11:02:20.479226+00:00,2024-03-22 04:14:47.151019+00:00
UC_YO117yjS118,ggibbs,anthony04@example.net,54a8e8b9d5f853b19db1fbc31c1cc810b108b1652b3bbe4dad2956d0ac915efb,2020-09-22 05:41:52.421818+00:00,2024-01-26 06:39:45.035153+00:00
UC_YO118yjS119,brownrachel,harrellteresa@example.net,1b8621e9265a574756b730f255d5579a9ca548bbde6bd39b3ac3786ca15fcefa,2021-06-29 12:17:31.983036+00:00,2024-03-25 22:07:08.221798+00:00
UC_YO119yjS120,nsimon,michael43@example.net,84e051c53476975b647eda552e4b86af8041845934d8675e8b9c7f9fb64d2d62,2024-02-19 10:55:07.207840+00:00,2024-01-14 05:19:48.870732+00:00
UC_YO120yjS121,kennethalvarado,singletoncaitlin@example.net,a8e45a98fd45cf056127eb3ab7a570e7006fdffc501d5c767cea6e8b0816d6f3,2020-10-09 11:06:30.945765+00:00,2024-03-12 17:43:43.934635+00:00
UC_YO121yjS122,josephwhite,wrightamy@example.org,afc483202dd8c8760dec2ab19199a1648989a0fbdd143cb9ffae9cc62142ded4,2020-03-26 21:12:16.492672+00:00,2024-02-23 19:30:36.674917+00:00
UC_YO122yjS123,paula16,beckerchristopher@example.com,51693a0288575653b8ac12ef48b0a644d3ff4bb5dd624d8a622d23416eb12f22,2021-12-11 21:42:39.976062+00:00,2024-03-15 08:23:36.987047+00:00
UC_YO123yjS124,tiffanyowen,jenniferfischer@example.org,a935e0ac01ee19d7b832337dd46d9d2dba6065f3d5427d0ede201690b6029321,2021-11-07 16:04:03.018856+00:00,2024-03-01 01:00:37.667086+00:00
UC_YO124yjS125,ramostaylor,davisandrea@example.org,f3c1da87d7b3e488b15b61eee2dac1d7a4a470942c9fefc6868d09f0d918647e,2021-09-05 15:04:13.281780+00:00,2024-02-27 08:16:36.155778+00:00
UC_YO125yjS126,karenjohnson,barryhodges@example.net,cc9eae8ec3b16660be76219509fa7c1fdd1041705e09c73946f2f8f0004acc19,2020-11-02 16:34:35.364844+00:00,2024-01-15 11:40:07.486774+00:00
UC_YO126yjS127,kevin39,crystaldavis@example.org,1cae77835256953bf5205277760fcaae1b832650af1aa2ce29e7ad3dbf10f71d,2021-03-09 04:48:28.141563+00:00,2024-02-10 14:47:16.033825+00:00
UC_YO127yjS128,crosssara,matthew84@example.com,4ad2ddd9a96a3385d81ff34be12a98c5cd89f36c17f23955053569f0470d2d40,2022-03-06 10:43:28.421629+00:00,2024-02-27 16:57:15.174357+00:00
UC_YO128yjS129,karina12,mackenzie74@example.com,11bfbffe24df0c5ae69306fef9d4a2b7fc6ca5b41c1d37dbadcd5f0e5097331d,2022-05-19 19:37:28.564836+00:00,2024-03-18 21:33:06.781488+00:00
UC_YO129yjS130,obrooks,ryandenise@example.net,a196f6f33101f1794e2a9a922ea30ba2a119c91c2c19d299400f0042f16e9c87,2020-01-21 23:18:04.186279+00:00,2024-01-07 15:34:05.453588+00:00
UC_YO130yjS131,jacob39,timothygarcia@example.net,835a5ffff137ebca2a5d87ec235c7beca302b5ae6e721c54c3b169a5a50d93c0,2023-10-07 18:57:01.184820+00:00,2024-03-23 04:58:46.845898+00:00
UC_YO131yjS132,williambennett,wilsonjohn@example.com,62375fa8e2335ddd7ceb96e5b4d1a91f7395b61819322ee529ce9652a1c4481d,2023-07-14 08:58:03.218322+00:00,2024-03-10 06:16:15.168065+00:00
UC_YO132yjS133,stephanie82,benjamin59@example.com,d83134d6531a045ce7bf47bded200ab27af08dc3e22e6fb832c831559d58ccae,2021-06-11 03:40:09.115137+00:00,2024-02-07 18:45:02.614691+00:00
UC_YO133yjS134,christopheryoung,ingramjanet@example.com,bea4a2e18d3006d942e333e42e7bcd0a42c49fdd7fe2aa6cebe187d259b3409e,2022-11-28 21:31:40.565186+00:00,2024-01-25 15:56:34.839803+00:00
UC_YO134yjS135,joannehubbard,smontoya@example.org,6d0b3d0fa64be1d7ed6a13917fce81ce80bf00d7051acb59271534f14ded4df4,2020-03-19 02:12:43.822160+00:00,2024-03-28 12:38:48.168688+00:00
UC_YO135yjS136,finleyrichard,rebecca57@example.org,0a450f8cbc12befa7bb67312a2af33d03f4456c7d63f296135c98fa01b1e7388,2022-12-29 07:30:47.334968+00:00,2024-02-15 16:43:54.421757+00:00
UC_YO136yjS137,kimberlybush,johnfrancis@example.com,fef7b423c081fd4091bf727e4fbe46853f4d20599773255381b8a4182b640edc,2022-11-01 11:25:08.901497+00:00,2024-01-19 09:15:38.133402+00:00
UC_YO137yjS138,nwest,lcarpenter@example.org,ce5c189da8a959a4d59309284e4116e7c1098fa13375dcc0d935d5a0f8d57956,2021-09-03 20:38:15.920372+00:00,2024-01-06 22:57:22.851334+00:00
UC_YO138yjS139,charlenepeterson,wtorres@example.net,1fd7ca631551faece0995b78e52ce0fc7f69e52431ab9b16e6b442810f6814e5,2020-09-27 13:40:15.409638+00:00,2024-03-23 15:33:47.005257+00:00
UC_YO139yjS140,mitchelloscar,leachjennifer@example.com,b3df33197cb96e292fdcc9357edb659db54b33dda56feba472e3bbadccf171ad,2021-10-02 21:29:10.811574+00:00,2024-03-14 07:34:42.946037+00:00
UC_YO140yjS141,stephanie39,wilsonalan@example.com,a5376b8dd34a63ea9e58c8339b75ad8ce62b965b5c9c5b5dbb2af5307bdea724,2023-01-29 17:59:47.502617+00:00,2024-01-20 06:07:26.797439+00:00
UC_YO141yjS142,sellersedward,kcarroll@example.com,32dbe4f348846f8480e67158f182641573b4b305ea1e31c53dc4ed7ae6accf2f,2021-09-17 18:03:04.144183+00:00,2024-02-29 10:03:27.495834+00:00
UC_YO142yjS143,rweiss,parsonspamela@example.org,7d82e9d0278abecb1a267a49a9224f0099751483cddb9c136fbc4b1448400d58,2023-06-06 07:44:22.471789+00:00,2024-03-20 05:39:07.453360+00:00
UC_YO143yjS144,shieldsanna,jenniferbutler@example.org,5c9ed9197cb6a1f1d2b6deb4d9619ed5e23045150a71a1feba6313f67637cc10,2024-03-06 11:05:21.842110+00:00,2024-03-08 13:14:54.882379+00:00
UC_YO144yjS145,johnsongreg,chandlerjoseph@example.net,0c21aa9b1d063c6bfd76050404c47343d1ae663730c8525a0392324597b99d62,2024-01-26 22:07:08.475080+00:00,2024-03-08 20:12:15.288776+00:00
UC_YO145yjS146,suzanne05,gregory14@example.org,fb01ea8b02908852314ecc67362380f04864f35abebd2e6058806f59bfb33e14,2023-06-07 21:05:39.357977+00:00,2024-03-11 05:55:36.164110+00:00
UC_YO146yjS147,guerreromatthew,dortega@example.org,1d6efec7289e55debe3a0c2277174b7f21782915b741d154aceb08f892fca90e,2024-01-07 02:49:46.315955+00:00,2024-02-13 11:32:32.783359+00:00
UC_YO147yjS148,john46,vanessa92@example.net,80d65ac7131fec8415607ce38a350057ddb572e29b4cc7a534df6647d4faa494,2023-02-28 00:41:56.452755+00:00,2024-03-05 01:52:19.047226+00:00
UC_YO148yjS149,jared72,tiffany14@example.net,1db435f4d93bca7c5492baa2fad90178b45e87e30a10d1a7b216aeff282144fb,2022-03-16 01:31:07.229111+00:00,2024-03-25 23:04:09.937107+00:00
UC_YO149yjS150,derekmueller,diane75@example.com,c144be9ead38a9bc7c7be598b7b054a969d93e20b55744086e57b48f80b6d058,2024-03-29 18:04:38.116101+00:00,2024-03-15 15:23:08.278085+00:00
UC_YO150yjS151,christineroberts,zharrison@example.org,5e25796220617d33b6c0a1cf9fc26169b0051b2641f1006e132552ea468006bc,2022-11-27 01:53:23.956329+00:00,2024-03-06 07:31:14.003335+00:00
UC_YO151yjS152,randallcarter,kinggeorge@example.net,c4f6e8ac28ccce9f2acea0b70a53772d04876428c9c1c6f00b9c3d2c011ffd6b,2023-05-17 23:04:02.776708+00:00,2024-03-09 12:12:49.175691+00:00
UC_YO152yjS153,sandybradford,craiggregory@example.org,9030d4d03947434b2e21c72c9a36df88018eee502aa837e77075cf4e7773463a,2021-01-25 21:00:27.903685+00:00,2024-03-23 22:41:09.794360+00:00
UC_YO153yjS154,rhill,jennifer08@example.com,02f28496fc139c3b233ad696f440a1f03ab3313f297691dd529992b8921f20fc,2021-06-01 21:23:53.434497+00:00,2024-03-19 13:12:25.778900+00:00
UC_YO154yjS155,matthew45,phelpsstephanie@example.com,1e5e4f8f2035bf01cd2e05cc896ff301a5f80159e5cfe827fafe2ff33878b838,2021-02-04 07:45:31.596775+00:00,2024-01-08 19:48:19.846794+00:00
UC_YO155yjS156,efreeman,lauragonzales@example.com,6dddabde1d0604a0261f52f2b0e64263f9213637c134d26fcd8935c2a1f38be3,2022-02-19 18:22:26.552213+00:00,2024-02-23 06:33:00.081177+00:00
UC_YO156yjS157,collinsamber,xholland@example.com,3c1dd20251376e378c61095798b57bb8305a823cb18537b14f4531c4a166928d,2023-11-26 04:13:48.962195+00:00,2024-03-20 23:26:28.803309+00:00
UC_YO157yjS158,william71,mathew22@example.org,b0fa20333ca21503c71caac70c15755ba0c0954a75c06eaa881f93b3259ff3cb,2020-06-10 08:43:01.790937+00:00,2024-02-17 15:58:34.841600+00:00
UC_YO158yjS159,cody34,john97@example.net,10751f48d6ca11a7d6d509b477d8acc84c3e5d41e47f9d18cc9a37d08ca3e30e,2023-02-12 22:33:29.115319+00:00,2024-03-07 02:52:26.282679+00:00
UC_YO159yjS160,longjames,davisjason@example.net,27163e30dcb5bebb45161f5cfa6e5b6f6364045c1e364c63aaedec8a9d5197c8,2020-10-17 22:23:30.414803+00:00,2024-01-18 00:24:28.152965+00:00
UC_YO160yjS161,sydney79,krystaljones@example.org,f837fcc59c13fe8e5a0eaadea516c9a6bb3e27f7c20f5ef86b53d2402d8a2d57,2020-12-16 03:15:49.528580+00:00,2024-02-15 11:39:35.568339+00:00
UC_YO161yjS162,emily54,sandra49@example.org,f10f6f3f4f0aeda49a9d3a0ca1f592cc8c7e585d19d3f249faac9693b99b03b8,2020-01-31 17:57:40.508736+00:00,2024-01-16 00:02:42.161322+00:00
UC_YO162yjS163,boyddaniel,freemaneric@example.net,52c74201692231c29eb5fb28cc7a95c0e0576f8dc9befbd70b0cd4048d63566f,2021-12-29 17:00:10.539918+00:00,2024-02-17 22:24:48.916459+00:00
UC_YO163yjS164,ikane,holmeskyle@example.com,0b9f07d059b93cc75ed4517e073d6975c0b766613edeee8cacc36b2cdcb85e15,2022-07-06 12:06:30.065465+00:00,2024-02-02 21:31:07.400958+00:00
UC_YO164yjS165,jenniferwilliamson,ftyler@example.org,1e5f7aa6aba6f862cb7edc0ca6abaf091c33015a9e7f4e0962bbb176a578d337,2024-02-14 01:48:27.333110+00:00,2024-01-22 09:31:06.504848+00:00
UC_YO165yjS166,kevin71,amandanorman@example.org,378f657869c5d0f9b85a169bf336a059523efa0abc65a7c28b2b7a6f5beb819a,2023-06-16 01:23:24.061796+00:00,2024-01-18 21:37:57.426815+00:00
UC_YO166yjS167,vbrown,jaimegriffin@example.org,4f886eaa4c5d59ff81e46a815449ee8a8561fbf4f830d095212f911b4458e087,2021-08-06 09:02:52.234124+00:00,2024-03-26 07:30:16.458570+00:00
UC_YO167yjS168,mbeard,pattoncorey@example.com,6f2b2c40fb2e79b54186c7d64984dcb3bc9491db318d30ed91a5ef19ed75ddd2,2020-03-21 23:52:43.660819+00:00,2024-02-18 04:32:50.117018+00:00
UC_YO168yjS169,hbecker,morrisbrandy@example.com,307afb384c2a76ffe32aae2d9bd4f12746557c9666461aec5fb35019a20181be,2021-07-24 20:11:47.731762+00:00,2024-01-26 14:45:56.004864+00:00
UC_YO169yjS170,joseph20,sheri05@example.org,3bed8d670229bd17f34464a69d74a9a2b11e2ed1a6e43601cfb8534526b4cbf1,2021-03-07 13:33:16.828782+00:00,2024-02-12 16:52:05.513998+00:00
UC_YO170yjS171,smithnicholas,scott90@example.net,1893074cad12b6056a14cebdc92885f1f2abdd37c1b35ba692803aab8b3c7f69,2023-05-25 14:31:40.378689+00:00,2024-02-24 08:19:57.792739+00:00
UC_YO171yjS172,silvakyle,pbowers@example.com,141e563bbc42d8a062183dc5b473d7ba43a5321a3ef31de39f4485b2583af1fc,2023-01-03 02:29:18.160887+00:00,2024-03-19 18:04:53.182118+00:00
UC_YO172yjS173,crodriguez,gregoryholt@example.net,2fb9a0298e54d799df7d3f3eb1b17a247dee9f12e6567930c209082b052942cb,2023-09-21 22:29:08.169962+00:00,2024-02-18 20:16:09.003550+00:00
UC_YO173yjS174,jenniferhenderson,xlane@example.org,491f71720bb1e654fed4549dcd3a6c6432fa176f7e4252a284396888314a7bce,2022-03-06 20:28:46.172024+00:00,2024-03-08 06:44:19.323528+00:00
UC_YO174yjS175,whiteevan,raymondfields@example.com,d5815e9ce9f8cb4a7efe91cbaa21d1c299003de925d802661ea92c3dec7d5cba,2020-02-27 00:44:05.898226+00:00,2024-03-16 14:36:22.061574+00:00
UC_YO175yjS176,shari71,breannalawson@example.net,f1351940fbcda4d25abc9cff10e098f2806ccca36843802746f368200cc12542,2021-04-26 19:26:17.841531+00:00,2024-01-18 07:41:33.260425+00:00
UC_YO176yjS177,ramirezmichael,erin78@example.org,ac04473fa431106c9306cfdbc672f34799d09c07665a26f43a336cdfe4c4e263,2023-06-13 08:01:17.346207+00:00,2024-02-02 22:34:41.145134+00:00
UC_YO177yjS178,jensenjamie,kaitlindaniels@example.com,57c76943dbee462d5d25a7b73d23b8b969e59738d7565dff4fa12dc1b9466303,2023-01-13 18:28:25.757248+00:00,2024-01-21 05:44:15.412931+00:00
UC_YO178yjS179,edwardmaddox,vickigreen@example.net,1a5ffb9a169e433d3de58aca952852bd7753ad3f27899cecfef2fd163f4fba9c,2023-04-07 02:07:06.976828+00:00,2024-02-05 19:02:59.787349+00:00
UC_YO179yjS180,dixonaudrey,watsonian@example.org,82d246f86ba06d7ec10c8ce79d2948e2edf501e57e86c726a4a5723082bb0e88,2023-04-30 11:35:38.588410+00:00,2024-03-28 13:20:50.815272+00:00
UC_YO180yjS181,jestrada,kimberly27@example.net,6c129481e74eae1e24cd21649e08f74ceb5ff663b7e13b5b6ef4b965f815ed8d,2022-03-06 01:01:44.906283+00:00,2024-02-28 06:15:01.718826+00:00
UC_YO181yjS182,wesleynichols,kristine99@example.org,d29d45eab25b33461574a0f8bfe89e55312fb918bb3cb6499afc289479d20f4b,2021-09-15 15:57:29.195921+00:00,2024-01-18 02:40:03.510833+00:00
UC_YO182yjS183,martinezsamuel,ryan57@example.org,174d9370d26282afeadd5540fc4b71f958dac93dc2113954b4ae967a0312faf6,2020-12-10 23:36:27.867771+00:00,2024-01-20 06:11:09.100070+00:00
UC_YO183yjS184,usmith,lisaglass@example.org,9e496c129ce405324ffcaae188c34b4d2a643637cc6e64a06084291f653da2ac,2020-03-11 00:39:07.060531+00:00,2024-03-18 05:46:59.345192+00:00
UC_YO184yjS185,derrickjoseph,michael84@example.net,e37ea561ead3778f2b6e64ca96caaa69863e6aa907c0a5b18decb667cb48b4a2,2021-09-12 07:35:50.704331+00:00,2024-01-25 04:52:19.902798+00:00
UC_YO185yjS186,juarezkatrina,robertsanchez@example.com,f7cbbbde1526aa08ba5e55ba500d51b3c92a11a22a831f87d3d38e5425db4227,2021-09-27 18:49:24.521961+00:00,2024-03-18 10:50:48.703578+00:00
UC_YO186yjS187,jenniferharmon,johnhamilton@example.com,aea0209a568bf910f2b4346349879d80fe7c6df1bdae84ad68ed3502527238c9,2020-05-10 01:08:05.451406+00:00,2024-01-14 06:28:03.566599+00:00
UC_YO187yjS188,christian30,williamholder@example.org,6ac7f87024ef2cf816c463c7f24fd619dcd3945d292325376f67ed23dd5e131b,2023-09-05 18:56:17.665773+00:00,2024-01-11 18:25:43.151787+00:00
UC_YO188yjS189,ryan75,edavidson@example.com,2648171c8b076daa82dbb35c6aae7162eaf767e8a8ee246779c73961de0b8891,2021-05-12 07:58:14.821956+00:00,2024-03-14 17:37:08.165126+00:00
UC_YO189yjS190,lisawright,fchapman@example.com,e8440cf5375a41c729ec5d15bce43f85c0331b1167a0348f1a119fe4c9e0caa4,2021-02-01 22:01:01.805772+00:00,2024-03-13 08:13:40.962198+00:00
UC_YO190yjS191,baileystephanie,fanderson@example.com,10b2276d7f2a751ad7d69ddb3c2ec7c8792758a7486cd6eb85b83f6b96d1d286,2021-07-22 14:07:40.091951+00:00,2024-02-01 04:26:39.878500+00:00
UC_YO191yjS192,evanskathy,martha21@example.com,1d5b961552d2a9ced981b2b5f7322679512d53b9e7654067c44432a64616200b,2021-04-27 14:51:47.084256+00:00,2024-03-21 18:31:05.178618+00:00
UC_YO192yjS193,gowens,caleb31@example.net,d321b1a544e93eec25d3cbb241b3e90e44a9c0cc2b06b6552f244dede55c5fdb,2020-07-29 11:37:12.679286+00:00,2024-02-05 07:41:29.557432+00:00
UC_YO193yjS194,salazarstephanie,aaroncastillo@example.net,34dd7a3d13a77f0e5f3054f5011c46e36cb8a689b69cde78c20af2a29cd37b97,2021-05-30 03:33:49.741616+00:00,2024-01-22 12:53:10.281534+00:00
UC_YO194yjS195,wolfpaula,ahendrix@example.net,0ad2c2f826231e07b64fce5d36dbb794019f23a68b56058fa06b3a43bb1ea395,2023-03-07 05:22:37.354383+00:00,2024-03-14 09:33:30.923834+00:00
UC_YO195yjS196,lisagonzalez,westmaria@example.org,dc2c963ff9147b2962e9df3713c6bc6bfc792536ada67b2debc2d515e041d4d6,2020-04-06 15:03:17.848692+00:00,2024-02-21 12:32:37.233372+00:00
UC_YO196yjS197,kellyjoseph,feliciawilliams@example.net,132a2682db79f6fdf0081682a8faac1c2d1027f7ca71b248cd977c8dca6d71da,2021-02-23 23:34:30.190972+00:00,2024-03-09 14:23:59.184513+00:00
UC_YO197yjS198,holly02,boydwilliam@example.com,905441b13f91d3162d5cfd3f2e5fc1d7700b6bffea5adba9a28c82a8da7d0ce3,2022-05-17 15:53:29.004407+00:00,2024-03-09 13:18:21.706360+00:00
UC_YO198yjS199,casey53,jason83@example.net,845a71f2eb310a04585644ed6721e5ece3064d7ec9598807d898ede2ee4d527e,2024-01-15 02:12:53.054608+00:00,2024-03-03 00:14:28.711838+00:00
UC_YO199yjS200,fishercolin,gonzalezrichard@example.org,5eafedf699a0426067852a09db503d0e0744236c9a307f6de9aa010d2ad78c0d,2023-12-15 04:46:27.641665+00:00,2024-01-14 09:42:07.786448+00:00
UC_YO200yjS201,marcusdiaz,yhunter@example.com,f0b47be8f8d07cd8bfb0c014116023e1799205d1931c703c95f0831289b9f613,2023-03-19 08:09:43.990485+00:00,2024-01-23 01:50:31.234752+00:00
